results_bundle,experiment_id,model_variant,data_source,train_domain,eval_domain,transfer_mode,unit_mode,normalization_mode,inference_norm_applied,window_size_samples,window_duration_seconds,split_protocol,seed,notes,arduino_fp32_accuracy,arduino_fp32_macro_f1,arduino_ptq_accuracy,arduino_ptq_macro_f1,arduino_qat_accuracy,arduino_qat_macro_f1,arduino_model_size_kb,arduino_latency_mean_ms,arduino_latency_p95_ms,arduino_deploy_gate_status,wisdm_fp32_accuracy,wisdm_fp32_macro_f1,wisdm_ptq_accuracy,wisdm_ptq_macro_f1,wisdm_qat_accuracy,wisdm_qat_macro_f1,wisdm_model_size_kb,wisdm_latency_mean_ms,wisdm_latency_p95_ms,wisdm_deploy_gate_status
arch_seq/daghero_cnn_2layer_conv2d/e00,E00_wisdm_m2_anchor,daghero_cnn_2layer_conv2d,wisdm,wisdm,wisdm,source_only,raw_no_conversion,train_zscore,True,100,5.0,random_stratified,42,run_id=E00_daghero_cnn_2layer_conv2d_r0; fp32_tflite=ok; ptq=ok; qat=ok; M3 WISDM M2 anchor.,,,,,,,,,,,0.9920983318700616,0.9893811078113246,0.9920983318700616,0.98923976965688,0.99297629499561,0.9901445558676766,26.1328125,0.0775020859387076,0.0908275000028879,ptq=ok;qat=ok
full_e00,E00_wisdm_m2_anchor,deepconv_lstm_conv2d,wisdm,wisdm,wisdm,source_only,raw_no_conversion,train_zscore,True,100,5.0,random_stratified,42,run_id=E00_deepconv_lstm_r0; fp32_tflite=ok; ptq=ok; qat=ok; M3 WISDM M2 anchor.,,,,,,,,,,,0.9884401521802753,0.9831177999390308,0.9800995024875622,0.9713485385927912,0.8238220661398888,0.7751120983264624,136.921875,4.26394736328195,4.33369924999738,ptq=ok;qat=ok
arch_seq/repmobile_folded_conv2d/e00,E00_wisdm_m2_anchor,repmobile_folded_conv2d,wisdm,wisdm,wisdm,source_only,raw_no_conversion,train_zscore,True,100,5.0,random_stratified,42,run_id=E00_repmobile_folded_conv2d_r0; fp32_tflite=ok; ptq=ok; qat=ok; M3 WISDM M2 anchor.,,,,,,,,,,,0.9416154521510096,0.915202284250101,0.9417617793386012,0.9147946364819458,0.9536142815335088,0.9340028169212138,42.125,0.3319035468756226,0.354818249974187,ptq=ok;qat=ok
arch_seq/tcn_attention_har_teacher_conv2d/e00,E00_wisdm_m2_anchor,tcn_attention_har_teacher_conv2d,wisdm,wisdm,wisdm,source_only,raw_no_conversion,train_zscore,True,100,5.0,random_stratified,42,run_id=E00_tcn_attention_har_teacher_conv2d_r0; fp32_tflite=ok; ptq=ok; qat=ok; M3 WISDM M2 anchor.,,,,,,,,,,,0.9942932396839332,0.9915117203094934,0.9938542581211588,0.9908532082374902,0.9950248756218906,0.9925260256072522,578.3984375,8.300172757812696,8.572420999996666,ptq=ok;qat=ok
arch_seq/tcn_inception_conv2d/e00,E00_wisdm_m2_anchor,tcn_inception_conv2d,wisdm,wisdm,wisdm,source_only,raw_no_conversion,train_zscore,True,100,5.0,random_stratified,42,run_id=E00_tcn_inception_conv2d_r0; fp32_tflite=ok; ptq=ok; qat=ok; M3 WISDM M2 anchor.,,,,,,,,,,,0.9964881474978052,0.994835165005712,0.9964881474978052,0.9949451241524502,0.9976587649985368,0.996360392528042,369.921875,2.3995259609363995,2.424983499992095,ptq=ok;qat=ok
arch_seq/xtinyhar_student_conv2d/e00,E00_wisdm_m2_anchor,xtinyhar_student_conv2d,wisdm,wisdm,wisdm,source_only,raw_no_conversion,train_zscore,True,100,5.0,random_stratified,42,run_id=E00_xtinyhar_student_conv2d_r0; fp32_tflite=ok; ptq=failed; qat=failed; M3 WISDM M2 anchor.,,,,,,,,,,,0.9569798068481123,0.9442987986633136,0.9562481709101552,0.9435157979013424,0.9615159496634474,0.9493589080627994,315.2109375,0.3265276328108246,0.3415525000178832,ptq=failed;qat=failed
arch_seq/xtinyhar_student_conv2d_relu/e00,E00_wisdm_m2_anchor,xtinyhar_student_conv2d_relu,wisdm,wisdm,wisdm,source_only,raw_no_conversion,train_zscore,True,100,5.0,random_stratified,42,run_id=E00_xtinyhar_student_conv2d_relu_r0; fp32_tflite=ok; ptq=ok; qat=ok; M3 WISDM M2 anchor.,,,,,,,,,,,0.9364940005853089,0.9139169403752114,0.936201346210126,0.9133031459235842,0.9511267193444544,0.9345297945275496,312.3671875,0.33727480468837,0.3476402500126596,ptq=ok;qat=ok
arch_seq/daghero_cnn_2layer_conv2d/e03,E03_arduino_downsample_20hz_T100,daghero_cnn_2layer_conv2d,wisdm_arduino,wisdm,arduino,zero_shot,raw_no_conversion,train_zscore,True,100,5.0,random_stratified,42,run_id=E03_daghero_cnn_2layer_conv2d_r0; fp32_tflite=ok; ptq=ok; qat=ok; zero_shot source=wisdm eval=arduino; target arrays normalized with source train stats; WISDM-compatible Arduino zero-shot using the current 20 Hz merged numeric-user CSV.,0.1662452591656131,0.0475158084914182,0.1662452591656131,0.0475158084914182,0.1662452591656131,0.0475158084914182,26.1328125,0.0768818906236035,0.0920610000179067,ptq=ok;qat=ok,0.9920983318700616,0.9893811078113246,0.9920983318700616,0.98923976965688,0.99297629499561,0.9901445558676766,26.1328125,0.0775020859387076,0.0908275000028879,ptq=ok;qat=ok
full_e03,E03_arduino_downsample_20hz_T100,deepconv_lstm_conv2d,wisdm_arduino,wisdm,arduino,zero_shot,raw_no_conversion,train_zscore,True,100,5.0,random_stratified,42,run_id=E03_deepconv_lstm_r0; fp32_tflite=ok; ptq=ok; qat=ok; zero_shot source=wisdm eval=arduino; target arrays normalized with source train stats; WISDM-compatible Arduino zero-shot using the current 20 Hz merged numeric-user CSV.,0.1757269279393173,0.0665477848759946,0.2275600505689001,0.1103735764006621,0.1687737041719342,0.0514935549228683,136.921875,4.257003031248541,4.333549000008929,ptq=ok;qat=ok,0.9884401521802753,0.9831177999390308,0.9800995024875622,0.9713485385927912,0.8238220661398888,0.7751120983264624,136.921875,4.26394736328195,4.33369924999738,ptq=ok;qat=ok
arch_seq/repmobile_folded_conv2d/e03,E03_arduino_downsample_20hz_T100,repmobile_folded_conv2d,wisdm_arduino,wisdm,arduino,zero_shot,raw_no_conversion,train_zscore,True,100,5.0,random_stratified,42,run_id=E03_repmobile_folded_conv2d_r0; fp32_tflite=ok; ptq=ok; qat=ok; zero_shot source=wisdm eval=arduino; target arrays normalized with source train stats; WISDM-compatible Arduino zero-shot using the current 20 Hz merged numeric-user CSV.,0.1668773704171934,0.0476706392199349,0.1668773704171934,0.0476706392199349,0.1668773704171934,0.0476706392199349,42.125,0.3349472226552574,0.4088117499776444,ptq=ok;qat=ok,0.9416154521510096,0.915202284250101,0.9417617793386012,0.9147946364819458,0.9536142815335088,0.9340028169212138,42.125,0.3319035468756226,0.354818249974187,ptq=ok;qat=ok
arch_seq/tcn_attention_har_teacher_conv2d/e03,E03_arduino_downsample_20hz_T100,tcn_attention_har_teacher_conv2d,wisdm_arduino,wisdm,arduino,zero_shot,raw_no_conversion,train_zscore,True,100,5.0,random_stratified,42,run_id=E03_tcn_attention_har_teacher_conv2d_r0; fp32_tflite=ok; ptq=ok; qat=ok; zero_shot source=wisdm eval=arduino; target arrays normalized with source train stats; WISDM-compatible Arduino zero-shot using the current 20 Hz merged numeric-user CSV.,0.1668773704171934,0.0476706392199349,0.1668773704171934,0.0476706392199349,0.1668773704171934,0.0476706392199349,578.3984375,8.36077173046501,8.827861250011892,ptq=ok;qat=ok,0.9942932396839332,0.9915117203094934,0.9938542581211588,0.9908532082374902,0.9950248756218906,0.9925260256072522,578.3984375,8.300172757812696,8.572420999996666,ptq=ok;qat=ok
arch_seq/tcn_inception_conv2d/e03,E03_arduino_downsample_20hz_T100,tcn_inception_conv2d,wisdm_arduino,wisdm,arduino,zero_shot,raw_no_conversion,train_zscore,True,100,5.0,random_stratified,42,run_id=E03_tcn_inception_conv2d_r0; fp32_tflite=ok; ptq=ok; qat=ok; zero_shot source=wisdm eval=arduino; target arrays normalized with source train stats; WISDM-compatible Arduino zero-shot using the current 20 Hz merged numeric-user CSV.,0.1662452591656131,0.0475158084914182,0.1662452591656131,0.0475158084914182,0.1662452591656131,0.0475158084914182,369.921875,2.403885781254278,2.4367094999320216,ptq=ok;qat=ok,0.9964881474978052,0.994835165005712,0.9964881474978052,0.9949451241524502,0.9976587649985368,0.996360392528042,369.921875,2.3995259609363995,2.424983499992095,ptq=ok;qat=ok
arch_seq/xtinyhar_student_conv2d/e03,E03_arduino_downsample_20hz_T100,xtinyhar_student_conv2d,wisdm_arduino,wisdm,arduino,zero_shot,raw_no_conversion,train_zscore,True,100,5.0,random_stratified,42,run_id=E03_xtinyhar_student_conv2d_r0; fp32_tflite=ok; ptq=failed; qat=failed; zero_shot source=wisdm eval=arduino; target arrays normalized with source train stats; WISDM-compatible Arduino zero-shot using the current 20 Hz merged numeric-user CSV.,0.1668773704171934,0.0476706392199349,0.1668773704171934,0.0476706392199349,0.1668773704171934,0.0476706392199349,315.2109375,0.3269856953118655,0.3442807499709488,ptq=failed;qat=failed,0.9569798068481123,0.9442987986633136,0.9562481709101552,0.9435157979013424,0.9615159496634474,0.9493589080627994,315.2109375,0.3265276328108246,0.3415525000178832,ptq=failed;qat=failed
arch_seq/xtinyhar_student_conv2d_relu/e03,E03_arduino_downsample_20hz_T100,xtinyhar_student_conv2d_relu,wisdm_arduino,wisdm,arduino,zero_shot,raw_no_conversion,train_zscore,True,100,5.0,random_stratified,42,run_id=E03_xtinyhar_student_conv2d_relu_r0; fp32_tflite=ok; ptq=ok; qat=ok; zero_shot source=wisdm eval=arduino; target arrays normalized with source train stats; WISDM-compatible Arduino zero-shot using the current 20 Hz merged numeric-user CSV.,0.1668773704171934,0.0477741585233441,0.1668773704171934,0.0476964769647696,0.1668773704171934,0.0476706392199349,312.3671875,0.3277297070312102,0.3472919999865098,ptq=ok;qat=ok,0.9364940005853089,0.9139169403752114,0.936201346210126,0.9133031459235842,0.9511267193444544,0.9345297945275496,312.3671875,0.33727480468837,0.3476402500126596,ptq=ok;qat=ok
arch_seq/daghero_cnn_2layer_conv2d/e04,E04_wisdm_to_g_arduino_g,daghero_cnn_2layer_conv2d,wisdm_arduino,wisdm,arduino,zero_shot,wisdm_to_g,train_zscore,True,100,5.0,random_stratified,42,run_id=E04_daghero_cnn_2layer_conv2d_r0; fp32_tflite=ok; ptq=ok; qat=ok; zero_shot source=wisdm eval=arduino; target arrays normalized with source train stats; Convert WISDM to g and undo Arduino firmware divide-by-four only.,0.5082174462705437,0.4515274783728648,0.4993678887484197,0.4400620802402098,0.504424778761062,0.4423755419370527,26.1328125,0.0789017265641067,0.0931227500160503,ptq=ok;qat=ok,0.9920983318700616,0.9893811078113246,0.9920983318700616,0.98923976965688,0.99297629499561,0.9901445558676766,26.1328125,0.0775020859387076,0.0908275000028879,ptq=ok;qat=ok
full_e04,E04_wisdm_to_g_arduino_g,deepconv_lstm_conv2d,wisdm_arduino,wisdm,arduino,zero_shot,wisdm_to_g,train_zscore,True,100,5.0,random_stratified,42,run_id=E04_deepconv_lstm_r0; fp32_tflite=ok; ptq=ok; qat=ok; zero_shot source=wisdm eval=arduino; target arrays normalized with source train stats; Convert WISDM to g and undo Arduino firmware divide-by-four only.,0.5834386852085968,0.6016577857802333,0.5360303413400759,0.5582897435527657,0.5214917825537294,0.5304134149603462,136.921875,4.262885449220377,4.335783999948717,ptq=ok;qat=ok,0.9884401521802753,0.9831177999390308,0.9800995024875622,0.9713485385927912,0.8238220661398888,0.7751120983264624,136.921875,4.26394736328195,4.33369924999738,ptq=ok;qat=ok
arch_seq/repmobile_folded_conv2d/e04,E04_wisdm_to_g_arduino_g,repmobile_folded_conv2d,wisdm_arduino,wisdm,arduino,zero_shot,wisdm_to_g,train_zscore,True,100,5.0,random_stratified,42,run_id=E04_repmobile_folded_conv2d_r0; fp32_tflite=ok; ptq=ok; qat=ok; zero_shot source=wisdm eval=arduino; target arrays normalized with source train stats; Convert WISDM to g and undo Arduino firmware divide-by-four only.,0.4867256637168141,0.442449558355321,0.4595448798988622,0.4137684624606352,0.4222503160556258,0.3732703955002164,42.125,0.3286083242179938,0.3422857500225973,ptq=ok;qat=ok,0.9416154521510096,0.915202284250101,0.9417617793386012,0.9147946364819458,0.9536142815335088,0.9340028169212138,42.125,0.3319035468756226,0.354818249974187,ptq=ok;qat=ok
arch_seq/tcn_attention_har_teacher_conv2d/e04,E04_wisdm_to_g_arduino_g,tcn_attention_har_teacher_conv2d,wisdm_arduino,wisdm,arduino,zero_shot,wisdm_to_g,train_zscore,True,100,5.0,random_stratified,42,run_id=E04_tcn_attention_har_teacher_conv2d_r0; fp32_tflite=ok; ptq=ok; qat=ok; zero_shot source=wisdm eval=arduino; target arrays normalized with source train stats; Convert WISDM to g and undo Arduino firmware divide-by-four only.,0.5120101137800253,0.4688741670830821,0.5151706700379267,0.4735442567377437,0.5214917825537294,0.4863909094802637,578.3984375,8.293985988282238,8.57252175001122,ptq=ok;qat=ok,0.9942932396839332,0.9915117203094934,0.9938542581211588,0.9908532082374902,0.9950248756218906,0.9925260256072522,578.3984375,8.300172757812696,8.572420999996666,ptq=ok;qat=ok
arch_seq/tcn_inception_conv2d/e04,E04_wisdm_to_g_arduino_g,tcn_inception_conv2d,wisdm_arduino,wisdm,arduino,zero_shot,wisdm_to_g,train_zscore,True,100,5.0,random_stratified,42,run_id=E04_tcn_inception_conv2d_r0; fp32_tflite=ok; ptq=ok; qat=ok; zero_shot source=wisdm eval=arduino; target arrays normalized with source train stats; Convert WISDM to g and undo Arduino firmware divide-by-four only.,0.5018963337547409,0.4725566922665798,0.495575221238938,0.4705434641079647,0.4987357774968394,0.4820139397518443,369.921875,2.4089891406280373,2.44177425005887,ptq=ok;qat=ok,0.9964881474978052,0.994835165005712,0.9964881474978052,0.9949451241524502,0.9976587649985368,0.996360392528042,369.921875,2.3995259609363995,2.424983499992095,ptq=ok;qat=ok
arch_seq/xtinyhar_student_conv2d/e04,E04_wisdm_to_g_arduino_g,xtinyhar_student_conv2d,wisdm_arduino,wisdm,arduino,zero_shot,wisdm_to_g,train_zscore,True,100,5.0,random_stratified,42,run_id=E04_xtinyhar_student_conv2d_r0; fp32_tflite=ok; ptq=failed; qat=failed; zero_shot source=wisdm eval=arduino; target arrays normalized with source train stats; Convert WISDM to g and undo Arduino firmware divide-by-four only.,0.5221238938053098,0.5399963378858683,0.5094816687737042,0.5268828058486429,0.5442477876106194,0.5692729985347545,315.2109375,0.3291883007823237,0.3504284999849005,ptq=failed;qat=failed,0.9569798068481123,0.9442987986633136,0.9562481709101552,0.9435157979013424,0.9615159496634474,0.9493589080627994,315.2109375,0.3265276328108246,0.3415525000178832,ptq=failed;qat=failed
arch_seq/xtinyhar_student_conv2d_relu/e04,E04_wisdm_to_g_arduino_g,xtinyhar_student_conv2d_relu,wisdm_arduino,wisdm,arduino,zero_shot,wisdm_to_g,train_zscore,True,100,5.0,random_stratified,42,run_id=E04_xtinyhar_student_conv2d_relu_r0; fp32_tflite=ok; ptq=ok; qat=ok; zero_shot source=wisdm eval=arduino; target arrays normalized with source train stats; Convert WISDM to g and undo Arduino firmware divide-by-four only.,0.5707964601769911,0.5954275391140148,0.5625790139064475,0.5862063868061019,0.5537294563843237,0.5791165504528212,312.3671875,0.326146964841012,0.3417469999931199,ptq=ok;qat=ok,0.9364940005853089,0.9139169403752114,0.936201346210126,0.9133031459235842,0.9511267193444544,0.9345297945275496,312.3671875,0.33727480468837,0.3476402500126596,ptq=ok;qat=ok
arch_seq/daghero_cnn_2layer_conv2d/e05,E05_legacy_arduino_to_mps2,daghero_cnn_2layer_conv2d,wisdm_arduino,wisdm,arduino,zero_shot,arduino_to_mps2_legacy,train_zscore,True,100,5.0,random_stratified,42,run_id=E05_daghero_cnn_2layer_conv2d_r0; fp32_tflite=ok; ptq=ok; qat=ok; zero_shot source=wisdm eval=arduino; target arrays normalized with source train stats; Legacy negative-control Arduino conversion to m/s^2.,0.5088495575221239,0.4498034027132507,0.5037926675094817,0.4448617572688933,0.506953223767383,0.445884297223674,26.1328125,0.0765805390647855,0.0913410000293879,ptq=ok;qat=ok,0.9920983318700616,0.9893811078113246,0.9920983318700616,0.98923976965688,0.99297629499561,0.9901445558676766,26.1328125,0.0775020859387076,0.0908275000028879,ptq=ok;qat=ok
full_e05,E05_legacy_arduino_to_mps2,deepconv_lstm_conv2d,wisdm_arduino,wisdm,arduino,zero_shot,arduino_to_mps2_legacy,train_zscore,True,100,5.0,random_stratified,42,run_id=E05_deepconv_lstm_r0; fp32_tflite=ok; ptq=ok; qat=ok; zero_shot source=wisdm eval=arduino; target arrays normalized with source train stats; Legacy negative-control Arduino conversion to m/s^2.,0.5714285714285714,0.582281459923829,0.549936788874842,0.5625610958894397,0.4911504424778761,0.4815942259693377,136.921875,4.267927839842756,4.345899249983631,ptq=ok;qat=ok,0.9884401521802753,0.9831177999390308,0.9800995024875622,0.9713485385927912,0.8238220661398888,0.7751120983264624,136.921875,4.26394736328195,4.33369924999738,ptq=ok;qat=ok
arch_seq/repmobile_folded_conv2d/e05,E05_legacy_arduino_to_mps2,repmobile_folded_conv2d,wisdm_arduino,wisdm,arduino,zero_shot,arduino_to_mps2_legacy,train_zscore,True,100,5.0,random_stratified,42,run_id=E05_repmobile_folded_conv2d_r0; fp32_tflite=ok; ptq=ok; qat=ok; zero_shot source=wisdm eval=arduino; target arrays normalized with source train stats; Legacy negative-control Arduino conversion to m/s^2.,0.484197218710493,0.4396865554072751,0.4633375474083439,0.4180572326438093,0.4254108723135272,0.3767439825225014,42.125,0.3286138281248796,0.3418274999376081,ptq=ok;qat=ok,0.9416154521510096,0.915202284250101,0.9417617793386012,0.9147946364819458,0.9536142815335088,0.9340028169212138,42.125,0.3319035468756226,0.354818249974187,ptq=ok;qat=ok
arch_seq/tcn_attention_har_teacher_conv2d/e05,E05_legacy_arduino_to_mps2,tcn_attention_har_teacher_conv2d,wisdm_arduino,wisdm,arduino,zero_shot,arduino_to_mps2_legacy,train_zscore,True,100,5.0,random_stratified,42,run_id=E05_tcn_attention_har_teacher_conv2d_r0; fp32_tflite=ok; ptq=ok; qat=ok; zero_shot source=wisdm eval=arduino; target arrays normalized with source train stats; Legacy negative-control Arduino conversion to m/s^2.,0.5935524652338812,0.5973435580536025,0.5916561314791403,0.5986758979613379,0.5695322376738305,0.5337767103191231,578.3984375,8.60705339063017,8.87815700008332,ptq=ok;qat=ok,0.9942932396839332,0.9915117203094934,0.9938542581211588,0.9908532082374902,0.9950248756218906,0.9925260256072522,578.3984375,8.300172757812696,8.572420999996666,ptq=ok;qat=ok
arch_seq/tcn_inception_conv2d/e05,E05_legacy_arduino_to_mps2,tcn_inception_conv2d,wisdm_arduino,wisdm,arduino,zero_shot,arduino_to_mps2_legacy,train_zscore,True,100,5.0,random_stratified,42,run_id=E05_tcn_inception_conv2d_r0; fp32_tflite=ok; ptq=ok; qat=ok; zero_shot source=wisdm eval=arduino; target arrays normalized with source train stats; Legacy negative-control Arduino conversion to m/s^2.,0.5398230088495575,0.4786882462954953,0.5353982300884956,0.4802299643002098,0.5170670037926675,0.4995520823794345,369.921875,2.416413249991756,2.4395452499561543,ptq=ok;qat=ok,0.9964881474978052,0.994835165005712,0.9964881474978052,0.9949451241524502,0.9976587649985368,0.996360392528042,369.921875,2.3995259609363995,2.424983499992095,ptq=ok;qat=ok
arch_seq/xtinyhar_student_conv2d/e05,E05_legacy_arduino_to_mps2,xtinyhar_student_conv2d,wisdm_arduino,wisdm,arduino,zero_shot,arduino_to_mps2_legacy,train_zscore,True,100,5.0,random_stratified,42,run_id=E05_xtinyhar_student_conv2d_r0; fp32_tflite=ok; ptq=failed; qat=failed; zero_shot source=wisdm eval=arduino; target arrays normalized with source train stats; Legacy negative-control Arduino conversion to m/s^2.,0.5252844500632111,0.5327981560254049,0.5170670037926675,0.5245752169009207,0.5303413400758533,0.551694365015006,315.2109375,0.3293509218691426,0.3513602499651824,ptq=failed;qat=failed,0.9569798068481123,0.9442987986633136,0.9562481709101552,0.9435157979013424,0.9615159496634474,0.9493589080627994,315.2109375,0.3265276328108246,0.3415525000178832,ptq=failed;qat=failed
arch_seq/xtinyhar_student_conv2d_relu/e05,E05_legacy_arduino_to_mps2,xtinyhar_student_conv2d_relu,wisdm_arduino,wisdm,arduino,zero_shot,arduino_to_mps2_legacy,train_zscore,True,100,5.0,random_stratified,42,run_id=E05_xtinyhar_student_conv2d_relu_r0; fp32_tflite=ok; ptq=ok; qat=ok; zero_shot source=wisdm eval=arduino; target arrays normalized with source train stats; Legacy negative-control Arduino conversion to m/s^2.,0.5638432364096081,0.5882024461291236,0.556890012642225,0.5816859229282035,0.556890012642225,0.5778651382096013,312.3671875,0.3286042382826259,0.3460970000048746,ptq=ok;qat=ok,0.9364940005853089,0.9139169403752114,0.936201346210126,0.9133031459235842,0.9511267193444544,0.9345297945275496,312.3671875,0.33727480468837,0.3476402500126596,ptq=ok;qat=ok
arch_seq/daghero_cnn_2layer_conv2d/e06,E06_no_norm_matched,daghero_cnn_2layer_conv2d,wisdm_arduino,wisdm,arduino,zero_shot,raw_no_conversion,none,False,100,5.0,random_stratified,42,run_id=E06_daghero_cnn_2layer_conv2d_r0; fp32_tflite=ok; ptq=ok; qat=ok; zero_shot source=wisdm eval=arduino; target arrays normalized with source train stats; Matched no-normalization training and inference ablation.,0.1662452591656131,0.0475158084914182,0.1662452591656131,0.0475158084914182,0.1662452591656131,0.0475158084914182,26.1328125,0.0775336132763371,0.09204600004864,ptq=ok;qat=ok,0.9920983318700616,0.9893811078113246,0.9920983318700616,0.98923976965688,0.99297629499561,0.9901445558676766,26.1328125,0.0775020859387076,0.0908275000028879,ptq=ok;qat=ok
full_e06,E06_no_norm_matched,deepconv_lstm_conv2d,wisdm_arduino,wisdm,arduino,zero_shot,raw_no_conversion,none,False,100,5.0,random_stratified,42,run_id=E06_deepconv_lstm_r0; fp32_tflite=ok; ptq=ok; qat=ok; zero_shot source=wisdm eval=arduino; target arrays normalized with source train stats; Matched no-normalization training and inference ablation.,0.2054361567635904,0.0972976975207119,0.1776232616940581,0.0783720469777967,0.1700379266750948,0.0990328953759095,136.921875,4.261166249996062,4.330563249993702,ptq=ok;qat=ok,0.9884401521802753,0.9831177999390308,0.9800995024875622,0.9713485385927912,0.8238220661398888,0.7751120983264624,136.921875,4.26394736328195,4.33369924999738,ptq=ok;qat=ok
arch_seq/repmobile_folded_conv2d/e06,E06_no_norm_matched,repmobile_folded_conv2d,wisdm_arduino,wisdm,arduino,zero_shot,raw_no_conversion,none,False,100,5.0,random_stratified,42,run_id=E06_repmobile_folded_conv2d_r0; fp32_tflite=ok; ptq=ok; qat=ok; zero_shot source=wisdm eval=arduino; target arrays normalized with source train stats; Matched no-normalization training and inference ablation.,0.1668773704171934,0.0476706392199349,0.1668773704171934,0.0476706392199349,0.1668773704171934,0.0476706392199349,42.125,0.3324337070282901,0.3588132500169649,ptq=ok;qat=ok,0.9416154521510096,0.915202284250101,0.9417617793386012,0.9147946364819458,0.9536142815335088,0.9340028169212138,42.125,0.3319035468756226,0.354818249974187,ptq=ok;qat=ok
arch_seq/tcn_attention_har_teacher_conv2d/e06,E06_no_norm_matched,tcn_attention_har_teacher_conv2d,wisdm_arduino,wisdm,arduino,zero_shot,raw_no_conversion,none,False,100,5.0,random_stratified,42,run_id=E06_tcn_attention_har_teacher_conv2d_r0; fp32_tflite=ok; ptq=ok; qat=ok; zero_shot source=wisdm eval=arduino; target arrays normalized with source train stats; Matched no-normalization training and inference ablation.,0.3501896333754741,0.2883927267428952,0.4304677623261694,0.3940411707564359,0.4298356510745891,0.3794305620652926,578.3984375,8.293739375006659,8.645725999940623,ptq=ok;qat=ok,0.9942932396839332,0.9915117203094934,0.9938542581211588,0.9908532082374902,0.9950248756218906,0.9925260256072522,578.3984375,8.300172757812696,8.572420999996666,ptq=ok;qat=ok
arch_seq/tcn_inception_conv2d/e06,E06_no_norm_matched,tcn_inception_conv2d,wisdm_arduino,wisdm,arduino,zero_shot,raw_no_conversion,none,False,100,5.0,random_stratified,42,run_id=E06_tcn_inception_conv2d_r0; fp32_tflite=ok; ptq=ok; qat=ok; zero_shot source=wisdm eval=arduino; target arrays normalized with source train stats; Matched no-normalization training and inference ablation.,0.1662452591656131,0.0475158084914182,0.1662452591656131,0.0475158084914182,0.1662452591656131,0.0475158084914182,369.921875,2.4023583671848314,2.434500999925149,ptq=ok;qat=ok,0.9964881474978052,0.994835165005712,0.9964881474978052,0.9949451241524502,0.9976587649985368,0.996360392528042,369.921875,2.3995259609363995,2.424983499992095,ptq=ok;qat=ok
arch_seq/xtinyhar_student_conv2d/e06,E06_no_norm_matched,xtinyhar_student_conv2d,wisdm_arduino,wisdm,arduino,zero_shot,raw_no_conversion,none,False,100,5.0,random_stratified,42,run_id=E06_xtinyhar_student_conv2d_r0; fp32_tflite=ok; ptq=failed; qat=failed; zero_shot source=wisdm eval=arduino; target arrays normalized with source train stats; Matched no-normalization training and inference ablation.,0.1719342604298356,0.1303302960331279,0.1662452591656131,0.0475158084914182,0.1656131479140328,0.0473608098336948,315.2109375,0.326591042969504,0.3452360000153476,ptq=failed;qat=failed,0.9569798068481123,0.9442987986633136,0.9562481709101552,0.9435157979013424,0.9615159496634474,0.9493589080627994,315.2109375,0.3265276328108246,0.3415525000178832,ptq=failed;qat=failed
arch_seq/xtinyhar_student_conv2d_relu/e06,E06_no_norm_matched,xtinyhar_student_conv2d_relu,wisdm_arduino,wisdm,arduino,zero_shot,raw_no_conversion,none,False,100,5.0,random_stratified,42,run_id=E06_xtinyhar_student_conv2d_relu_r0; fp32_tflite=ok; ptq=ok; qat=ok; zero_shot source=wisdm eval=arduino; target arrays normalized with source train stats; Matched no-normalization training and inference ablation.,0.2048040455120101,0.1832635681100368,0.1283185840707964,0.1340282895654378,0.1611883691529709,0.06741298612066,312.3671875,0.3246080624998981,0.3438620000508763,ptq=ok;qat=ok,0.9364940005853089,0.9139169403752114,0.936201346210126,0.9133031459235842,0.9511267193444544,0.9345297945275496,312.3671875,0.33727480468837,0.3476402500126596,ptq=ok;qat=ok
arch_seq/daghero_cnn_2layer_conv2d/e07,E07_skip_inference_norm_diag,daghero_cnn_2layer_conv2d,wisdm_arduino,wisdm,arduino,zero_shot,raw_no_conversion,train_zscore,False,100,5.0,random_stratified,42,run_id=E07_daghero_cnn_2layer_conv2d_r0; fp32_tflite=ok; ptq=ok; qat=ok; zero_shot source=wisdm eval=arduino; target arrays normalized with source train stats; Diagnostic-only no-normalization-at-inference ablation.,0.1662452591656131,0.0475158084914182,0.1662452591656131,0.0475158084914182,0.1662452591656131,0.0475158084914182,26.1328125,0.0765637500008686,0.0910249999890311,ptq=ok;qat=ok,0.9920983318700616,0.9893811078113246,0.9920983318700616,0.98923976965688,0.99297629499561,0.9901445558676766,26.1328125,0.0775020859387076,0.0908275000028879,ptq=ok;qat=ok
full_e07,E07_skip_inference_norm_diag,deepconv_lstm_conv2d,wisdm_arduino,wisdm,arduino,zero_shot,raw_no_conversion,train_zscore,False,100,5.0,random_stratified,42,run_id=E07_deepconv_lstm_r0; fp32_tflite=ok; ptq=ok; qat=ok; zero_shot source=wisdm eval=arduino; target arrays normalized with source train stats; Diagnostic-only no-normalization-at-inference ablation.,0.1668773704171934,0.0476706392199349,0.1668773704171934,0.0476706392199349,0.1662452591656131,0.0475158084914182,136.921875,4.255297808593905,4.350463500003343,ptq=ok;qat=ok,0.9884401521802753,0.9831177999390308,0.9800995024875622,0.9713485385927912,0.8238220661398888,0.7751120983264624,136.921875,4.26394736328195,4.33369924999738,ptq=ok;qat=ok
arch_seq/repmobile_folded_conv2d/e07,E07_skip_inference_norm_diag,repmobile_folded_conv2d,wisdm_arduino,wisdm,arduino,zero_shot,raw_no_conversion,train_zscore,False,100,5.0,random_stratified,42,run_id=E07_repmobile_folded_conv2d_r0; fp32_tflite=ok; ptq=ok; qat=ok; zero_shot source=wisdm eval=arduino; target arrays normalized with source train stats; Diagnostic-only no-normalization-at-inference ablation.,0.1668773704171934,0.0476706392199349,0.1668773704171934,0.0476706392199349,0.1668773704171934,0.0476706392199349,42.125,0.3359515390637391,0.4106245000343733,ptq=ok;qat=ok,0.9416154521510096,0.915202284250101,0.9417617793386012,0.9147946364819458,0.9536142815335088,0.9340028169212138,42.125,0.3319035468756226,0.354818249974187,ptq=ok;qat=ok
arch_seq/tcn_attention_har_teacher_conv2d/e07,E07_skip_inference_norm_diag,tcn_attention_har_teacher_conv2d,wisdm_arduino,wisdm,arduino,zero_shot,raw_no_conversion,train_zscore,False,100,5.0,random_stratified,42,run_id=E07_tcn_attention_har_teacher_conv2d_r0; fp32_tflite=ok; ptq=ok; qat=ok; zero_shot source=wisdm eval=arduino; target arrays normalized with source train stats; Diagnostic-only no-normalization-at-inference ablation.,0.1668773704171934,0.0476706392199349,0.1668773704171934,0.0476706392199349,0.1668773704171934,0.0476706392199349,578.3984375,8.56729448825888,8.808935250158356,ptq=ok;qat=ok,0.9942932396839332,0.9915117203094934,0.9938542581211588,0.9908532082374902,0.9950248756218906,0.9925260256072522,578.3984375,8.300172757812696,8.572420999996666,ptq=ok;qat=ok
arch_seq/tcn_inception_conv2d/e07,E07_skip_inference_norm_diag,tcn_inception_conv2d,wisdm_arduino,wisdm,arduino,zero_shot,raw_no_conversion,train_zscore,False,100,5.0,random_stratified,42,run_id=E07_tcn_inception_conv2d_r0; fp32_tflite=ok; ptq=ok; qat=ok; zero_shot source=wisdm eval=arduino; target arrays normalized with source train stats; Diagnostic-only no-normalization-at-inference ablation.,0.1662452591656131,0.0475158084914182,0.1662452591656131,0.0475158084914182,0.1662452591656131,0.0475158084914182,369.921875,2.404183996095988,2.436496750135575,ptq=ok;qat=ok,0.9964881474978052,0.994835165005712,0.9964881474978052,0.9949451241524502,0.9976587649985368,0.996360392528042,369.921875,2.3995259609363995,2.424983499992095,ptq=ok;qat=ok
arch_seq/xtinyhar_student_conv2d/e07,E07_skip_inference_norm_diag,xtinyhar_student_conv2d,wisdm_arduino,wisdm,arduino,zero_shot,raw_no_conversion,train_zscore,False,100,5.0,random_stratified,42,run_id=E07_xtinyhar_student_conv2d_r0; fp32_tflite=ok; ptq=failed; qat=failed; zero_shot source=wisdm eval=arduino; target arrays normalized with source train stats; Diagnostic-only no-normalization-at-inference ablation.,0.1668773704171934,0.0476706392199349,0.1668773704171934,0.0476706392199349,0.1668773704171934,0.0476706392199349,315.2109375,0.3278579882817212,0.3462082499936514,ptq=failed;qat=failed,0.9569798068481123,0.9442987986633136,0.9562481709101552,0.9435157979013424,0.9615159496634474,0.9493589080627994,315.2109375,0.3265276328108246,0.3415525000178832,ptq=failed;qat=failed
arch_seq/xtinyhar_student_conv2d_relu/e07,E07_skip_inference_norm_diag,xtinyhar_student_conv2d_relu,wisdm_arduino,wisdm,arduino,zero_shot,raw_no_conversion,train_zscore,False,100,5.0,random_stratified,42,run_id=E07_xtinyhar_student_conv2d_relu_r0; fp32_tflite=ok; ptq=ok; qat=ok; zero_shot source=wisdm eval=arduino; target arrays normalized with source train stats; Diagnostic-only no-normalization-at-inference ablation.,0.1668773704171934,0.0476706392199349,0.1668773704171934,0.0476706392199349,0.1668773704171934,0.0476706392199349,312.3671875,0.3283702851550885,0.3519320000009429,ptq=ok;qat=ok,0.9364940005853089,0.9139169403752114,0.936201346210126,0.9133031459235842,0.9511267193444544,0.9345297945275496,312.3671875,0.33727480468837,0.3476402500126596,ptq=ok;qat=ok
arch_seq/daghero_cnn_2layer_conv2d/e08,E08_T50_window,daghero_cnn_2layer_conv2d,wisdm_arduino,wisdm,arduino,zero_shot,raw_no_conversion,train_zscore,True,50,2.5,random_stratified,42,run_id=E08_daghero_cnn_2layer_conv2d_r0; fp32_tflite=ok; ptq=ok; qat=ok; zero_shot source=wisdm eval=arduino; target arrays normalized with source train stats; 20 Hz T50 window-size ablation.,0.1665615141955836,0.0475932936722552,0.1665615141955836,0.0475932936722552,0.1665615141955836,0.0475932936722552,26.1328125,0.0448816640603588,0.0488880000375502,ptq=ok;qat=ok,0.9920983318700616,0.9893811078113246,0.9920983318700616,0.98923976965688,0.99297629499561,0.9901445558676766,26.1328125,0.0775020859387076,0.0908275000028879,ptq=ok;qat=ok
full_e08,E08_T50_window,deepconv_lstm_conv2d,wisdm_arduino,wisdm,arduino,zero_shot,raw_no_conversion,train_zscore,True,50,2.5,random_stratified,42,run_id=E08_deepconv_lstm_r0; fp32_tflite=ok; ptq=ok; qat=ok; zero_shot source=wisdm eval=arduino; target arrays normalized with source train stats; 20 Hz T50 window-size ablation.,0.1668769716088328,0.0476705415878165,0.1668769716088328,0.0476705415878165,0.1668769716088328,0.0476705415878165,107.625,2.0515411679671303,2.10186425010761,ptq=ok;qat=ok,0.9884401521802753,0.9831177999390308,0.9800995024875622,0.9713485385927912,0.8238220661398888,0.7751120983264624,136.921875,4.26394736328195,4.33369924999738,ptq=ok;qat=ok
arch_seq/repmobile_folded_conv2d/e08,E08_T50_window,repmobile_folded_conv2d,wisdm_arduino,wisdm,arduino,zero_shot,raw_no_conversion,train_zscore,True,50,2.5,random_stratified,42,run_id=E08_repmobile_folded_conv2d_r0; fp32_tflite=ok; ptq=ok; qat=ok; zero_shot source=wisdm eval=arduino; target arrays normalized with source train stats; 20 Hz T50 window-size ablation.,0.1668769716088328,0.0476705415878165,0.1668769716088328,0.0476705415878165,0.1668769716088328,0.0476705415878165,42.125,0.1773850429742651,0.21335625001484,ptq=ok;qat=ok,0.9416154521510096,0.915202284250101,0.9417617793386012,0.9147946364819458,0.9536142815335088,0.9340028169212138,42.125,0.3319035468756226,0.354818249974187,ptq=ok;qat=ok
arch_seq/tcn_attention_har_teacher_conv2d/e08,E08_T50_window,tcn_attention_har_teacher_conv2d,wisdm_arduino,wisdm,arduino,zero_shot,raw_no_conversion,train_zscore,True,50,2.5,random_stratified,42,run_id=E08_tcn_attention_har_teacher_conv2d_r0; fp32_tflite=ok; ptq=ok; qat=ok; zero_shot source=wisdm eval=arduino; target arrays normalized with source train stats; 20 Hz T50 window-size ablation.,0.1665615141955836,0.0475932936722552,0.1665615141955836,0.0475932936722552,0.1665615141955836,0.0475932936722552,578.3515625,4.422338675759363,4.494081999837363,ptq=ok;qat=ok,0.9942932396839332,0.9915117203094934,0.9938542581211588,0.9908532082374902,0.9950248756218906,0.9925260256072522,578.3984375,8.300172757812696,8.572420999996666,ptq=ok;qat=ok
arch_seq/tcn_inception_conv2d/e08,E08_T50_window,tcn_inception_conv2d,wisdm_arduino,wisdm,arduino,zero_shot,raw_no_conversion,train_zscore,True,50,2.5,random_stratified,42,run_id=E08_tcn_inception_conv2d_r0; fp32_tflite=ok; ptq=ok; qat=ok; zero_shot source=wisdm eval=arduino; target arrays normalized with source train stats; 20 Hz T50 window-size ablation.,0.1665615141955836,0.0475932936722552,0.1665615141955836,0.0475932936722552,0.1195583596214511,0.0538266831319875,369.921875,1.3112950859301975,1.3320900000621805,ptq=ok;qat=ok,0.9964881474978052,0.994835165005712,0.9964881474978052,0.9949451241524502,0.9976587649985368,0.996360392528042,369.921875,2.3995259609363995,2.424983499992095,ptq=ok;qat=ok
arch_seq/xtinyhar_student_conv2d/e08,E08_T50_window,xtinyhar_student_conv2d,wisdm_arduino,wisdm,arduino,zero_shot,raw_no_conversion,train_zscore,True,50,2.5,random_stratified,42,run_id=E08_xtinyhar_student_conv2d_r0; fp32_tflite=ok; ptq=failed; qat=failed; zero_shot source=wisdm eval=arduino; target arrays normalized with source train stats; 20 Hz T50 window-size ablation.,0.1665615141955836,0.0475932936722552,0.1665615141955836,0.0475932936722552,0.1665615141955836,0.0475932936722552,311.4609375,0.3260417226540468,0.3444602499484972,ptq=failed;qat=failed,0.9569798068481123,0.9442987986633136,0.9562481709101552,0.9435157979013424,0.9615159496634474,0.9493589080627994,315.2109375,0.3265276328108246,0.3415525000178832,ptq=failed;qat=failed
arch_seq/xtinyhar_student_conv2d_relu/e08,E08_T50_window,xtinyhar_student_conv2d_relu,wisdm_arduino,wisdm,arduino,zero_shot,raw_no_conversion,train_zscore,True,50,2.5,random_stratified,42,run_id=E08_xtinyhar_student_conv2d_relu_r0; fp32_tflite=ok; ptq=ok; qat=ok; zero_shot source=wisdm eval=arduino; target arrays normalized with source train stats; 20 Hz T50 window-size ablation.,0.1665615141955836,0.0475932936722552,0.1665615141955836,0.0475932936722552,0.1665615141955836,0.0475932936722552,308.6171875,0.3249524726625097,0.3418895001345845,ptq=ok;qat=ok,0.9364940005853089,0.9139169403752114,0.936201346210126,0.9133031459235842,0.9511267193444544,0.9345297945275496,312.3671875,0.33727480468837,0.3476402500126596,ptq=ok;qat=ok
arch_seq/daghero_cnn_2layer_conv2d/e09,E09_wisdm_pretrain_arduino_finetune,daghero_cnn_2layer_conv2d,wisdm_arduino,arduino,arduino,finetune,raw_no_conversion,train_zscore,True,100,5.0,random_stratified,42,"run_id=E09_daghero_cnn_2layer_conv2d_r0; fp32_tflite=ok; ptq=ok; qat=ok; finetune pretrain=wisdm target=arduino; final normalization fitted on target train split only; Pretrain on WISDM, fine-tune on Arduino train split, evaluate untouched Arduino test split.",0.995575221238938,0.995581790823015,0.995575221238938,0.9955782735455708,0.995575221238938,0.9955794984786192,26.1328125,0.0768988828148131,0.0908857500121484,ptq=ok;qat=ok,0.9920983318700616,0.9893811078113246,0.9920983318700616,0.98923976965688,0.99297629499561,0.9901445558676766,26.1328125,0.0775020859387076,0.0908275000028879,ptq=ok;qat=ok
full_e09,E09_wisdm_pretrain_arduino_finetune,deepconv_lstm_conv2d,wisdm_arduino,arduino,arduino,finetune,raw_no_conversion,train_zscore,True,100,5.0,random_stratified,42,"run_id=E09_deepconv_lstm_r0; fp32_tflite=ok; ptq=ok; qat=ok; finetune pretrain=wisdm target=arduino; final normalization fitted on target train split only; Pretrain on WISDM, fine-tune on Arduino train split, evaluate untouched Arduino test split.",0.9936788874841972,0.9936816489332262,0.984197218710493,0.9842336573528662,0.8065739570164349,0.8026412012023497,136.921875,4.245226937498181,4.288568499987377,ptq=ok;qat=ok,0.9884401521802753,0.9831177999390308,0.9800995024875622,0.9713485385927912,0.8238220661398888,0.7751120983264624,136.921875,4.26394736328195,4.33369924999738,ptq=ok;qat=ok
arch_seq/repmobile_folded_conv2d/e09,E09_wisdm_pretrain_arduino_finetune,repmobile_folded_conv2d,wisdm_arduino,arduino,arduino,finetune,raw_no_conversion,train_zscore,True,100,5.0,random_stratified,42,"run_id=E09_repmobile_folded_conv2d_r0; fp32_tflite=ok; ptq=ok; qat=ok; finetune pretrain=wisdm target=arduino; final normalization fitted on target train split only; Pretrain on WISDM, fine-tune on Arduino train split, evaluate untouched Arduino test split.",0.9791403286978508,0.9791571324321376,0.9797724399494312,0.9798145758785356,0.9702907711757268,0.9703272042495866,42.125,0.3309209257871259,0.3452009999023175,ptq=ok;qat=ok,0.9416154521510096,0.915202284250101,0.9417617793386012,0.9147946364819458,0.9536142815335088,0.9340028169212138,42.125,0.3319035468756226,0.354818249974187,ptq=ok;qat=ok
arch_seq/tcn_attention_har_teacher_conv2d/e09,E09_wisdm_pretrain_arduino_finetune,tcn_attention_har_teacher_conv2d,wisdm_arduino,arduino,arduino,finetune,raw_no_conversion,train_zscore,True,100,5.0,random_stratified,42,"run_id=E09_tcn_attention_har_teacher_conv2d_r0; fp32_tflite=ok; ptq=ok; qat=ok; finetune pretrain=wisdm target=arduino; final normalization fitted on target train split only; Pretrain on WISDM, fine-tune on Arduino train split, evaluate untouched Arduino test split.",0.9949431099873578,0.9949373834776644,0.9949431099873578,0.9949373834776644,0.995575221238938,0.9955736090807004,578.3984375,8.288393355462276,8.631353500277328,ptq=ok;qat=ok,0.9942932396839332,0.9915117203094934,0.9938542581211588,0.9908532082374902,0.9950248756218906,0.9925260256072522,578.3984375,8.300172757812696,8.572420999996666,ptq=ok;qat=ok
arch_seq/tcn_inception_conv2d/e09,E09_wisdm_pretrain_arduino_finetune,tcn_inception_conv2d,wisdm_arduino,arduino,arduino,finetune,raw_no_conversion,train_zscore,True,100,5.0,random_stratified,42,"run_id=E09_tcn_inception_conv2d_r0; fp32_tflite=ok; ptq=ok; qat=ok; finetune pretrain=wisdm target=arduino; final normalization fitted on target train split only; Pretrain on WISDM, fine-tune on Arduino train split, evaluate untouched Arduino test split.",0.9936788874841972,0.9936858298892256,0.9936788874841972,0.9936850166754366,0.9949431099873578,0.994946644757302,369.921875,2.3798773750183244,2.4125660000891003,ptq=ok;qat=ok,0.9964881474978052,0.994835165005712,0.9964881474978052,0.9949451241524502,0.9976587649985368,0.996360392528042,369.921875,2.3995259609363995,2.424983499992095,ptq=ok;qat=ok
arch_seq/xtinyhar_student_conv2d/e09,E09_wisdm_pretrain_arduino_finetune,xtinyhar_student_conv2d,wisdm_arduino,arduino,arduino,finetune,raw_no_conversion,train_zscore,True,100,5.0,random_stratified,42,"run_id=E09_xtinyhar_student_conv2d_r0; fp32_tflite=ok; ptq=failed; qat=failed; finetune pretrain=wisdm target=arduino; final normalization fitted on target train split only; Pretrain on WISDM, fine-tune on Arduino train split, evaluate untouched Arduino test split.",0.9791403286978508,0.979125955415306,0.9778761061946902,0.9778607692804976,0.9823008849557522,0.982244024878446,315.2109375,0.336805332026735,0.3579245001219533,ptq=failed;qat=failed,0.9569798068481123,0.9442987986633136,0.9562481709101552,0.9435157979013424,0.9615159496634474,0.9493589080627994,315.2109375,0.3265276328108246,0.3415525000178832,ptq=failed;qat=failed
arch_seq/xtinyhar_student_conv2d_relu/e09,E09_wisdm_pretrain_arduino_finetune,xtinyhar_student_conv2d_relu,wisdm_arduino,arduino,arduino,finetune,raw_no_conversion,train_zscore,True,100,5.0,random_stratified,42,"run_id=E09_xtinyhar_student_conv2d_relu_r0; fp32_tflite=ok; ptq=ok; qat=ok; finetune pretrain=wisdm target=arduino; final normalization fitted on target train split only; Pretrain on WISDM, fine-tune on Arduino train split, evaluate untouched Arduino test split.",0.972819216182048,0.9727692170310228,0.9734513274336284,0.9734090437732882,0.9747155499367888,0.9746766034464366,312.3671875,0.3288045585971844,0.3485995001142328,ptq=ok;qat=ok,0.9364940005853089,0.9139169403752114,0.936201346210126,0.9133031459235842,0.9511267193444544,0.9345297945275496,312.3671875,0.33727480468837,0.3476402500126596,ptq=ok;qat=ok
arch_seq/daghero_cnn_2layer_conv2d/e10,E10_arduino_from_scratch,daghero_cnn_2layer_conv2d,arduino,arduino,arduino,arduino_from_scratch,raw_no_conversion,train_zscore,True,100,5.0,random_stratified,42,run_id=E10_daghero_cnn_2layer_conv2d_r0; fp32_tflite=ok; ptq=ok; qat=ok; Train from scratch on Arduino train split and evaluate untouched Arduino test split.,0.9924146649810368,0.9924073961276352,0.9924146649810368,0.9924073961276352,0.9962073324905184,0.996207240391092,26.1328125,0.0765885468769766,0.0910957498945208,ptq=ok;qat=ok,0.9920983318700616,0.9893811078113246,0.9920983318700616,0.98923976965688,0.99297629499561,0.9901445558676766,26.1328125,0.0775020859387076,0.0908275000028879,ptq=ok;qat=ok
full_e10,E10_arduino_from_scratch,deepconv_lstm_conv2d,arduino,arduino,arduino,arduino_from_scratch,raw_no_conversion,train_zscore,True,100,5.0,random_stratified,42,run_id=E10_deepconv_lstm_r0; fp32_tflite=ok; ptq=ok; qat=ok; Train from scratch on Arduino train split and evaluate untouched Arduino test split.,0.986725663716814,0.9867292080185682,0.9424778761061948,0.9438209755706034,0.3381795195954488,0.3123539216881537,136.921875,4.251018742188251,4.288297499897453,ptq=ok;qat=ok,0.9884401521802753,0.9831177999390308,0.9800995024875622,0.9713485385927912,0.8238220661398888,0.7751120983264624,136.921875,4.26394736328195,4.33369924999738,ptq=ok;qat=ok
arch_seq/repmobile_folded_conv2d/e10,E10_arduino_from_scratch,repmobile_folded_conv2d,arduino,arduino,arduino,arduino_from_scratch,raw_no_conversion,train_zscore,True,100,5.0,random_stratified,42,run_id=E10_repmobile_folded_conv2d_r0; fp32_tflite=ok; ptq=ok; qat=ok; Train from scratch on Arduino train split and evaluate untouched Arduino test split.,0.9627054361567636,0.9624606996642624,0.9627054361567636,0.9624866459289296,0.9582806573957016,0.9581854172188106,42.125,0.3398099296747503,0.4198192499984543,ptq=ok;qat=ok,0.9416154521510096,0.915202284250101,0.9417617793386012,0.9147946364819458,0.9536142815335088,0.9340028169212138,42.125,0.3319035468756226,0.354818249974187,ptq=ok;qat=ok
arch_seq/tcn_attention_har_teacher_conv2d/e10,E10_arduino_from_scratch,tcn_attention_har_teacher_conv2d,arduino,arduino,arduino,arduino_from_scratch,raw_no_conversion,train_zscore,True,100,5.0,random_stratified,42,run_id=E10_tcn_attention_har_teacher_conv2d_r0; fp32_tflite=ok; ptq=ok; qat=ok; Train from scratch on Arduino train split and evaluate untouched Arduino test split.,0.993046776232617,0.9930530983042588,0.9924146649810368,0.9924217149714668,0.9936788874841972,0.9936819405964956,578.3984375,8.087506332046246,8.357202499837513,ptq=ok;qat=ok,0.9942932396839332,0.9915117203094934,0.9938542581211588,0.9908532082374902,0.9950248756218906,0.9925260256072522,578.3984375,8.300172757812696,8.572420999996666,ptq=ok;qat=ok
arch_seq/tcn_inception_conv2d/e10,E10_arduino_from_scratch,tcn_inception_conv2d,arduino,arduino,arduino,arduino_from_scratch,raw_no_conversion,train_zscore,True,100,5.0,random_stratified,42,run_id=E10_tcn_inception_conv2d_r0; fp32_tflite=ok; ptq=ok; qat=ok; Train from scratch on Arduino train split and evaluate untouched Arduino test split.,0.9924146649810368,0.992400753149118,0.9924146649810368,0.9923973170954762,0.995575221238938,0.9955793044335628,369.921875,2.4167194531621305,2.4407587500263617,ptq=ok;qat=ok,0.9964881474978052,0.994835165005712,0.9964881474978052,0.9949451241524502,0.9976587649985368,0.996360392528042,369.921875,2.3995259609363995,2.424983499992095,ptq=ok;qat=ok
arch_seq/xtinyhar_student_conv2d/e10,E10_arduino_from_scratch,xtinyhar_student_conv2d,arduino,arduino,arduino,arduino_from_scratch,raw_no_conversion,train_zscore,True,100,5.0,random_stratified,42,run_id=E10_xtinyhar_student_conv2d_r0; fp32_tflite=ok; ptq=failed; qat=failed; Train from scratch on Arduino train split and evaluate untouched Arduino test split.,0.9785082174462706,0.9784482389883088,0.9778761061946902,0.9778175363348556,0.9791403286978508,0.9790974450851216,315.2109375,0.3267402968818444,0.3425109999852793,ptq=failed;qat=failed,0.9569798068481123,0.9442987986633136,0.9562481709101552,0.9435157979013424,0.9615159496634474,0.9493589080627994,315.2109375,0.3265276328108246,0.3415525000178832,ptq=failed;qat=failed
arch_seq/xtinyhar_student_conv2d_relu/e10,E10_arduino_from_scratch,xtinyhar_student_conv2d_relu,arduino,arduino,arduino,arduino_from_scratch,raw_no_conversion,train_zscore,True,100,5.0,random_stratified,42,run_id=E10_xtinyhar_student_conv2d_relu_r0; fp32_tflite=ok; ptq=ok; qat=ok; Train from scratch on Arduino train split and evaluate untouched Arduino test split.,0.9734513274336284,0.9734033742326726,0.9734513274336284,0.9734033742326726,0.9804045512010112,0.9803533487164614,312.3671875,0.331514964840629,0.3626244999850314,ptq=ok;qat=ok,0.9364940005853089,0.9139169403752114,0.936201346210126,0.9133031459235842,0.9511267193444544,0.9345297945275496,312.3671875,0.33727480468837,0.3476402500126596,ptq=ok;qat=ok
arch_seq/daghero_cnn_2layer_conv2d/e11,E11_wisdm_pretrain_arduino_finetune_T50,daghero_cnn_2layer_conv2d,wisdm_arduino,arduino,arduino,finetune,raw_no_conversion,train_zscore,True,50,2.5,random_stratified,42,"run_id=E11_daghero_cnn_2layer_conv2d_r0; fp32_tflite=ok; ptq=ok; qat=ok; finetune pretrain=wisdm target=arduino; final normalization fitted on target train split only; Same protocol as E09 (WISDM pretrain then Arduino fine-tune, train_zscore, eval Arduino test) but T=50 (2.5 s @ 20 Hz). Compare to E09 (T=100) for window-length apples-to-apples.",0.9873817034700316,0.9873899346924104,0.986435331230284,0.9864424161685929,0.9861198738170348,0.9861363971967928,26.1328125,0.0452137460973389,0.0506335000238777,ptq=ok;qat=ok,0.9920983318700616,0.9893811078113246,0.9920983318700616,0.98923976965688,0.99297629499561,0.9901445558676766,26.1328125,0.0775020859387076,0.0908275000028879,ptq=ok;qat=ok
arch_seq/deepconv_lstm_conv2d/e11,E11_wisdm_pretrain_arduino_finetune_T50,deepconv_lstm_conv2d,wisdm_arduino,arduino,arduino,finetune,raw_no_conversion,train_zscore,True,50,2.5,random_stratified,42,"run_id=E11_deepconv_lstm_conv2d_r0; fp32_tflite=ok; ptq=ok; qat=ok; finetune pretrain=wisdm target=arduino; final normalization fitted on target train split only; Same protocol as E09 (WISDM pretrain then Arduino fine-tune, train_zscore, eval Arduino test) but T=50 (2.5 s @ 20 Hz). Compare to E09 (T=100) for window-length apples-to-apples.",0.9810725552050472,0.981087011245744,0.9652996845425869,0.965482098851732,0.9634069400630916,0.9635162016406702,107.625,2.047508644531959,2.0760889999706933,ptq=ok;qat=ok,0.9884401521802753,0.9831177999390308,0.9800995024875622,0.9713485385927912,0.8238220661398888,0.7751120983264624,136.921875,4.26394736328195,4.33369924999738,ptq=ok;qat=ok
arch_seq/repmobile_folded_conv2d/e11,E11_wisdm_pretrain_arduino_finetune_T50,repmobile_folded_conv2d,wisdm_arduino,arduino,arduino,finetune,raw_no_conversion,train_zscore,True,50,2.5,random_stratified,42,"run_id=E11_repmobile_folded_conv2d_r0; fp32_tflite=ok; ptq=ok; qat=ok; finetune pretrain=wisdm target=arduino; final normalization fitted on target train split only; Same protocol as E09 (WISDM pretrain then Arduino fine-tune, train_zscore, eval Arduino test) but T=50 (2.5 s @ 20 Hz). Compare to E09 (T=100) for window-length apples-to-apples.",0.9675078864353313,0.967438784185834,0.9690851735015772,0.96905077699039,0.9697160883280758,0.969657089652415,42.125,0.1762314843749557,0.2000890000317667,ptq=ok;qat=ok,0.9416154521510096,0.915202284250101,0.9417617793386012,0.9147946364819458,0.9536142815335088,0.9340028169212138,42.125,0.3319035468756226,0.354818249974187,ptq=ok;qat=ok
arch_seq/tcn_attention_har_teacher_conv2d/e11,E11_wisdm_pretrain_arduino_finetune_T50,tcn_attention_har_teacher_conv2d,wisdm_arduino,arduino,arduino,finetune,raw_no_conversion,train_zscore,True,50,2.5,random_stratified,42,"run_id=E11_tcn_attention_har_teacher_conv2d_r0; fp32_tflite=ok; ptq=ok; qat=ok; finetune pretrain=wisdm target=arduino; final normalization fitted on target train split only; Same protocol as E09 (WISDM pretrain then Arduino fine-tune, train_zscore, eval Arduino test) but T=50 (2.5 s @ 20 Hz). Compare to E09 (T=100) for window-length apples-to-apples.",0.982334384858044,0.9823370626759284,0.9817034700315458,0.9817062661399863,0.9839116719242902,0.9839112192300762,578.3515625,4.328453714844471,4.529976750035303,ptq=ok;qat=ok,0.9942932396839332,0.9915117203094934,0.9938542581211588,0.9908532082374902,0.9950248756218906,0.9925260256072522,578.3984375,8.300172757812696,8.572420999996666,ptq=ok;qat=ok
arch_seq/tcn_inception_conv2d/e11,E11_wisdm_pretrain_arduino_finetune_T50,tcn_inception_conv2d,wisdm_arduino,arduino,arduino,finetune,raw_no_conversion,train_zscore,True,50,2.5,random_stratified,42,"run_id=E11_tcn_inception_conv2d_r0; fp32_tflite=ok; ptq=ok; qat=ok; finetune pretrain=wisdm target=arduino; final normalization fitted on target train split only; Same protocol as E09 (WISDM pretrain then Arduino fine-tune, train_zscore, eval Arduino test) but T=50 (2.5 s @ 20 Hz). Compare to E09 (T=100) for window-length apples-to-apples.",0.980757097791798,0.9807448213375928,0.9810725552050472,0.981059855527016,0.9851735015772872,0.985142018324701,369.921875,1.2904938710924796,1.3088702499999272,ptq=ok;qat=ok,0.9964881474978052,0.994835165005712,0.9964881474978052,0.9949451241524502,0.9976587649985368,0.996360392528042,369.921875,2.3995259609363995,2.424983499992095,ptq=ok;qat=ok
arch_seq/xtinyhar_student_conv2d/e11,E11_wisdm_pretrain_arduino_finetune_T50,xtinyhar_student_conv2d,wisdm_arduino,arduino,arduino,finetune,raw_no_conversion,train_zscore,True,50,2.5,random_stratified,42,"run_id=E11_xtinyhar_student_conv2d_r0; fp32_tflite=ok; ptq=failed; qat=failed; finetune pretrain=wisdm target=arduino; final normalization fitted on target train split only; Same protocol as E09 (WISDM pretrain then Arduino fine-tune, train_zscore, eval Arduino test) but T=50 (2.5 s @ 20 Hz). Compare to E09 (T=100) for window-length apples-to-apples.",0.9615141955835962,0.9614971460097644,0.961198738170347,0.9611802447728238,0.9681388012618296,0.9679503083432494,311.4609375,0.3344453906315436,0.3657347498915442,ptq=failed;qat=failed,0.9569798068481123,0.9442987986633136,0.9562481709101552,0.9435157979013424,0.9615159496634474,0.9493589080627994,315.2109375,0.3265276328108246,0.3415525000178832,ptq=failed;qat=failed
arch_seq/xtinyhar_student_conv2d_relu/e11,E11_wisdm_pretrain_arduino_finetune_T50,xtinyhar_student_conv2d_relu,wisdm_arduino,arduino,arduino,finetune,raw_no_conversion,train_zscore,True,50,2.5,random_stratified,42,"run_id=E11_xtinyhar_student_conv2d_relu_r0; fp32_tflite=ok; ptq=ok; qat=ok; finetune pretrain=wisdm target=arduino; final normalization fitted on target train split only; Same protocol as E09 (WISDM pretrain then Arduino fine-tune, train_zscore, eval Arduino test) but T=50 (2.5 s @ 20 Hz). Compare to E09 (T=100) for window-length apples-to-apples.",0.9555205047318612,0.955608101060882,0.9539432176656152,0.9539981572749212,0.9564668769716088,0.9562735771295884,308.6171875,0.3239012109386152,0.3363897499184531,ptq=ok;qat=ok,0.9364940005853089,0.9139169403752114,0.936201346210126,0.9133031459235842,0.9511267193444544,0.9345297945275496,312.3671875,0.33727480468837,0.3476402500126596,ptq=ok;qat=ok
arch_seq/daghero_cnn_2layer_conv2d/e12,E12_arduino_from_scratch_T50,daghero_cnn_2layer_conv2d,arduino,arduino,arduino,arduino_from_scratch,raw_no_conversion,train_zscore,True,50,2.5,random_stratified,42,"run_id=E12_daghero_cnn_2layer_conv2d_r0; fp32_tflite=ok; ptq=ok; qat=ok; Same protocol as E10 (train from scratch on Arduino train, eval Arduino test, train_zscore) but T=50 (2.5 s @ 20 Hz). Compare to E10 (T=100) for window-length apples-to-apples.",0.9886435331230284,0.988637669143151,0.9889589905362776,0.9889540405258308,0.98801261829653,0.9879831314293082,26.1328125,0.0463531718732923,0.0592210000007753,ptq=ok;qat=ok,0.9920983318700616,0.9893811078113246,0.9920983318700616,0.98923976965688,0.99297629499561,0.9901445558676766,26.1328125,0.0775020859387076,0.0908275000028879,ptq=ok;qat=ok
arch_seq/deepconv_lstm_conv2d/e12,E12_arduino_from_scratch_T50,deepconv_lstm_conv2d,arduino,arduino,arduino,arduino_from_scratch,raw_no_conversion,train_zscore,True,50,2.5,random_stratified,42,"run_id=E12_deepconv_lstm_conv2d_r0; fp32_tflite=ok; ptq=ok; qat=ok; Same protocol as E10 (train from scratch on Arduino train, eval Arduino test, train_zscore) but T=50 (2.5 s @ 20 Hz). Compare to E10 (T=100) for window-length apples-to-apples.",0.9813880126182966,0.9814210220702986,0.8826498422712934,0.8881848269663496,0.8482649842271294,0.8545197896442377,107.625,2.0418200742204906,2.070755000033841,ptq=ok;qat=ok,0.9884401521802753,0.9831177999390308,0.9800995024875622,0.9713485385927912,0.8238220661398888,0.7751120983264624,136.921875,4.26394736328195,4.33369924999738,ptq=ok;qat=ok
arch_seq/repmobile_folded_conv2d/e12,E12_arduino_from_scratch_T50,repmobile_folded_conv2d,arduino,arduino,arduino,arduino_from_scratch,raw_no_conversion,train_zscore,True,50,2.5,random_stratified,42,"run_id=E12_repmobile_folded_conv2d_r0; fp32_tflite=ok; ptq=ok; qat=ok; Same protocol as E10 (train from scratch on Arduino train, eval Arduino test, train_zscore) but T=50 (2.5 s @ 20 Hz). Compare to E10 (T=100) for window-length apples-to-apples.",0.950788643533123,0.950782114325163,0.9488958990536278,0.948871126945404,0.9580441640378548,0.9580247791057516,42.125,0.1773768007820031,0.1924104999915243,ptq=ok;qat=ok,0.9416154521510096,0.915202284250101,0.9417617793386012,0.9147946364819458,0.9536142815335088,0.9340028169212138,42.125,0.3319035468756226,0.354818249974187,ptq=ok;qat=ok
arch_seq/tcn_attention_har_teacher_conv2d/e12,E12_arduino_from_scratch_T50,tcn_attention_har_teacher_conv2d,arduino,arduino,arduino,arduino_from_scratch,raw_no_conversion,train_zscore,True,50,2.5,random_stratified,42,"run_id=E12_tcn_attention_har_teacher_conv2d_r0; fp32_tflite=ok; ptq=ok; qat=ok; Same protocol as E10 (train from scratch on Arduino train, eval Arduino test, train_zscore) but T=50 (2.5 s @ 20 Hz). Compare to E10 (T=100) for window-length apples-to-apples.",0.9785488958990536,0.9785476774451076,0.9779179810725552,0.9779184388875732,0.9842271293375394,0.984188563665629,578.3515625,4.281988273442394,4.424997250026763,ptq=ok;qat=ok,0.9942932396839332,0.9915117203094934,0.9938542581211588,0.9908532082374902,0.9950248756218906,0.9925260256072522,578.3984375,8.300172757812696,8.572420999996666,ptq=ok;qat=ok
arch_seq/tcn_inception_conv2d/e12,E12_arduino_from_scratch_T50,tcn_inception_conv2d,arduino,arduino,arduino,arduino_from_scratch,raw_no_conversion,train_zscore,True,50,2.5,random_stratified,42,"run_id=E12_tcn_inception_conv2d_r0; fp32_tflite=ok; ptq=ok; qat=ok; Same protocol as E10 (train from scratch on Arduino train, eval Arduino test, train_zscore) but T=50 (2.5 s @ 20 Hz). Compare to E10 (T=100) for window-length apples-to-apples.",0.9867507886435332,0.9867634493004028,0.9867507886435332,0.9867649890120638,0.9876971608832807,0.987713005412703,369.921875,1.30426535156003,1.3209922500152516,ptq=ok;qat=ok,0.9964881474978052,0.994835165005712,0.9964881474978052,0.9949451241524502,0.9976587649985368,0.996360392528042,369.921875,2.3995259609363995,2.424983499992095,ptq=ok;qat=ok
arch_seq/xtinyhar_student_conv2d/e12,E12_arduino_from_scratch_T50,xtinyhar_student_conv2d,arduino,arduino,arduino,arduino_from_scratch,raw_no_conversion,train_zscore,True,50,2.5,random_stratified,42,"run_id=E12_xtinyhar_student_conv2d_r0; fp32_tflite=ok; ptq=failed; qat=failed; Same protocol as E10 (train from scratch on Arduino train, eval Arduino test, train_zscore) but T=50 (2.5 s @ 20 Hz). Compare to E10 (T=100) for window-length apples-to-apples.",0.9586750788643532,0.9585742791206856,0.9589905362776026,0.9588593356318142,0.9627760252365932,0.962653243725264,311.4609375,0.3249311757760331,0.339522500013345,ptq=failed;qat=failed,0.9569798068481123,0.9442987986633136,0.9562481709101552,0.9435157979013424,0.9615159496634474,0.9493589080627994,315.2109375,0.3265276328108246,0.3415525000178832,ptq=failed;qat=failed
arch_seq/xtinyhar_student_conv2d_relu/e12,E12_arduino_from_scratch_T50,xtinyhar_student_conv2d_relu,arduino,arduino,arduino,arduino_from_scratch,raw_no_conversion,train_zscore,True,50,2.5,random_stratified,42,"run_id=E12_xtinyhar_student_conv2d_relu_r0; fp32_tflite=ok; ptq=ok; qat=ok; Same protocol as E10 (train from scratch on Arduino train, eval Arduino test, train_zscore) but T=50 (2.5 s @ 20 Hz). Compare to E10 (T=100) for window-length apples-to-apples.",0.9558359621451104,0.955712688927366,0.9548895899053628,0.9547949592485367,0.9621451104100948,0.9620058104465952,308.6171875,0.3243880117160813,0.3390374999696632,ptq=ok;qat=ok,0.9364940005853089,0.9139169403752114,0.936201346210126,0.9133031459235842,0.9511267193444544,0.9345297945275496,312.3671875,0.33727480468837,0.3476402500126596,ptq=ok;qat=ok
